-- --------------------------------------------------------
-- Host:                         10.0.0.66
-- Server version:               8.0.32 - MySQL Community Server - GPL
-- Server OS:                    Win64
-- HeidiSQL Version:             12.2.0.6576
-- --------------------------------------------------------

/*!40101 SET @OLD_CHARACTER_SET_CLIENT=@@CHARACTER_SET_CLIENT */;
/*!40101 SET NAMES utf8 */;
/*!50503 SET NAMES utf8mb4 */;
/*!40103 SET @OLD_TIME_ZONE=@@TIME_ZONE */;
/*!40103 SET TIME_ZONE='+00:00' */;
/*!40014 SET @OLD_FOREIGN_KEY_CHECKS=@@FOREIGN_KEY_CHECKS, FOREIGN_KEY_CHECKS=0 */;
/*!40101 SET @OLD_SQL_MODE=@@SQL_MODE, SQL_MODE='NO_AUTO_VALUE_ON_ZERO' */;
/*!40111 SET @OLD_SQL_NOTES=@@SQL_NOTES, SQL_NOTES=0 */;

-- Dumping data for table quizzle.answers: ~41 rows (approximately)
INSERT INTO `answers` (`id`, `question_id`, `answer_text`, `is_correct`, `created_at`, `updated_at`) VALUES
	(451, 130, '1', 1, '2024-08-16 00:06:26', '2024-08-16 00:06:26'),
	(452, 130, '2', 0, '2024-08-16 00:06:26', '2024-08-16 00:06:26'),
	(453, 130, '3', 0, '2024-08-16 00:06:26', '2024-08-16 00:06:26'),
	(454, 130, '4', 0, '2024-08-16 00:06:26', '2024-08-16 00:06:26'),
	(455, 131, '1', 1, '2024-08-16 00:08:10', '2024-08-16 00:08:10'),
	(456, 131, '2', 0, '2024-08-16 00:08:10', '2024-08-16 00:08:10'),
	(457, 131, '3', 0, '2024-08-16 00:08:10', '2024-08-16 00:08:10'),
	(458, 131, '4', 0, '2024-08-16 00:08:10', '2024-08-16 00:08:10'),
	(459, 132, '1', 1, '2024-08-16 00:09:34', '2024-08-16 00:09:34'),
	(460, 132, '2', 0, '2024-08-16 00:09:34', '2024-08-16 00:09:34'),
	(461, 132, '3', 0, '2024-08-16 00:09:34', '2024-08-16 00:09:34'),
	(462, 132, '4', 0, '2024-08-16 00:09:34', '2024-08-16 00:09:34'),
	(463, 133, '1', 1, '2024-08-16 00:10:57', '2024-08-16 00:10:57'),
	(464, 133, '2', 0, '2024-08-16 00:10:57', '2024-08-16 00:10:57'),
	(465, 133, '3', 0, '2024-08-16 00:10:57', '2024-08-16 00:10:57'),
	(466, 133, '4', 0, '2024-08-16 00:10:57', '2024-08-16 00:10:57'),
	(471, 135, 'asdsa', 0, '2024-08-16 00:40:15', '2024-08-16 00:40:15'),
	(472, 135, 'dsad', 0, '2024-08-16 00:40:15', '2024-08-16 00:40:15'),
	(473, 135, 'sadsa', 0, '2024-08-16 00:40:15', '2024-08-16 00:40:15'),
	(474, 135, 'dasdasdasd', 1, '2024-08-16 00:40:15', '2024-08-16 00:40:15'),
	(475, 136, 'TST', 1, '2024-08-16 00:40:15', '2024-08-16 01:41:10'),
	(483, 138, '1', 1, '2024-08-16 06:17:28', '2024-08-16 06:17:28'),
	(484, 138, '2', 0, '2024-08-16 06:17:28', '2024-08-16 06:17:28'),
	(485, 138, '3', 0, '2024-08-16 06:17:28', '2024-08-16 06:17:28'),
	(486, 138, '4', 0, '2024-08-16 06:17:28', '2024-08-16 06:17:28'),
	(487, 139, '1', 1, '2024-08-16 06:34:00', '2024-08-16 06:34:00'),
	(488, 139, '2', 0, '2024-08-16 06:34:00', '2024-08-16 06:34:00'),
	(489, 139, '3', 0, '2024-08-16 06:34:00', '2024-08-16 06:34:00'),
	(490, 139, '4', 0, '2024-08-16 06:34:00', '2024-08-16 06:34:00'),
	(491, 140, '1', 1, '2024-08-16 06:43:15', '2024-08-16 06:43:15'),
	(492, 140, '2', 0, '2024-08-16 06:43:15', '2024-08-16 06:43:15'),
	(493, 140, '3', 0, '2024-08-16 06:43:15', '2024-08-16 06:43:15'),
	(494, 140, '4', 0, '2024-08-16 06:43:15', '2024-08-16 06:43:15'),
	(495, 141, 'a', 1, '2024-08-19 00:06:45', '2024-08-19 00:06:45'),
	(496, 141, 'b', 0, '2024-08-19 00:06:45', '2024-08-19 00:06:45'),
	(497, 141, 'c', 0, '2024-08-19 00:06:45', '2024-08-19 00:06:45'),
	(498, 141, 'd', 0, '2024-08-19 00:06:45', '2024-08-19 00:06:45'),
	(511, 145, 'adea', 0, '2024-08-19 00:34:15', '2024-08-19 00:34:15'),
	(512, 145, 'dasdas', 0, '2024-08-19 00:34:15', '2024-08-19 00:34:15'),
	(513, 145, 'dsadsa', 0, '2024-08-19 00:34:15', '2024-08-19 00:34:15'),
	(514, 145, 'dasdasd', 1, '2024-08-19 00:34:15', '2024-08-19 00:34:15'),
	(515, 146, 'asdasdasdw', 1, '2024-08-19 00:34:15', '2024-08-19 00:34:15'),
	(516, 147, 'q', 0, '2024-08-19 00:48:18', '2024-08-19 00:48:18'),
	(517, 147, 'w', 1, '2024-08-19 00:48:18', '2024-08-19 00:48:18'),
	(518, 147, 'e', 0, '2024-08-19 00:48:18', '2024-08-19 00:48:18'),
	(519, 147, 'r', 0, '2024-08-19 00:48:18', '2024-08-19 00:48:18'),
	(520, 148, 'test', 1, '2024-08-19 01:19:33', '2024-08-19 01:19:33'),
	(521, 148, 'test2', 0, '2024-08-19 01:19:33', '2024-08-19 01:19:33'),
	(522, 148, 'test3', 0, '2024-08-19 01:19:33', '2024-08-19 01:19:33'),
	(523, 148, 'test4', 0, '2024-08-19 01:19:33', '2024-08-19 01:19:33'),
	(524, 149, 'a', 1, '2024-08-19 01:20:58', '2024-08-19 01:20:58'),
	(525, 149, 'b', 0, '2024-08-19 01:20:58', '2024-08-19 01:20:58'),
	(526, 149, 'c', 0, '2024-08-19 01:20:58', '2024-08-19 01:20:58'),
	(527, 149, 'd', 0, '2024-08-19 01:20:58', '2024-08-19 01:20:58'),
	(528, 150, 'a', 0, '2024-08-19 01:39:00', '2024-08-19 01:39:00'),
	(529, 150, 'b', 0, '2024-08-19 01:39:00', '2024-08-19 01:39:00'),
	(530, 150, 'c', 0, '2024-08-19 01:39:00', '2024-08-19 01:39:00'),
	(531, 150, 'd', 1, '2024-08-19 01:39:00', '2024-08-19 01:39:00'),
	(532, 151, 'a', 0, '2024-08-19 01:40:17', '2024-08-19 01:40:17'),
	(533, 151, 'b', 1, '2024-08-19 01:40:17', '2024-08-19 01:40:17'),
	(534, 151, 'c', 0, '2024-08-19 01:40:17', '2024-08-19 01:40:17'),
	(535, 151, 'd', 0, '2024-08-19 01:40:17', '2024-08-19 01:40:17'),
	(578, 164, 'aaa', 1, '2024-08-19 03:19:57', '2024-08-19 03:19:57'),
	(579, 164, 'add', 0, '2024-08-19 03:19:57', '2024-08-19 03:19:57'),
	(580, 164, 'dvvv', 0, '2024-08-19 03:19:57', '2024-08-19 03:19:57'),
	(581, 164, 'bbb', 0, '2024-08-19 03:19:57', '2024-08-19 03:19:57'),
	(582, 165, '1', 1, '2024-08-19 05:35:33', '2024-08-19 05:35:33'),
	(583, 165, '2', 0, '2024-08-19 05:35:33', '2024-08-19 05:35:33'),
	(584, 165, '3', 0, '2024-08-19 05:35:33', '2024-08-19 05:35:33'),
	(585, 165, '4', 0, '2024-08-19 05:35:33', '2024-08-19 05:35:33'),
	(586, 166, '1', 1, '2024-08-19 05:36:43', '2024-08-19 05:36:43'),
	(587, 166, '2', 0, '2024-08-19 05:36:43', '2024-08-19 05:36:43'),
	(588, 166, '3', 0, '2024-08-19 05:36:43', '2024-08-19 05:36:43'),
	(589, 166, '4', 0, '2024-08-19 05:36:43', '2024-08-19 05:36:43'),
	(590, 167, '1', 1, '2024-08-19 06:14:40', '2024-08-19 06:14:40'),
	(591, 167, '2', 0, '2024-08-19 06:14:40', '2024-08-19 06:14:40'),
	(592, 167, '3', 0, '2024-08-19 06:14:40', '2024-08-19 06:14:40'),
	(593, 167, '4', 0, '2024-08-19 06:14:40', '2024-08-19 06:14:40'),
	(594, 168, '1', 1, '2024-08-19 08:16:42', '2024-08-19 08:16:42'),
	(595, 168, '2', 0, '2024-08-19 08:16:42', '2024-08-19 08:16:42'),
	(596, 168, '3', 0, '2024-08-19 08:16:42', '2024-08-19 08:16:42'),
	(597, 168, '4', 0, '2024-08-19 08:16:42', '2024-08-19 08:16:42');

-- Dumping data for table quizzle.participants: ~8 rows (approximately)
INSERT INTO `participants` (`id`, `name`, `room_pin`, `isValid`, `joined_at`, `leave_at`) VALUES
	(95, 'wews', '66504', 0, NULL, NULL),
	(98, 'test1', '52874', 1, NULL, NULL),
	(99, 'test1', '57117', 1, NULL, NULL),
	(100, 'test1111', '57117', 1, NULL, NULL),
	(101, 'test', '82615', 0, NULL, NULL),
	(104, 'josh', '24908', 1, NULL, NULL),
	(105, 'jj', '85025', 1, NULL, NULL),
	(107, 'qq', '36567', 1, NULL, NULL),
	(108, 'ewan', '49177', 0, NULL, NULL),
	(110, 'josh', '87407', 0, NULL, NULL),
	(112, 'Joshua', '45862', 1, NULL, NULL),
	(113, 'Joshua1', '45862', 0, NULL, NULL),
	(114, 'awe', '22423', 1, NULL, NULL),
	(115, 'wews', '29165', 0, NULL, NULL),
	(116, 'how', '48172', 1, NULL, NULL),
	(117, 'how', '80374', 0, NULL, NULL),
	(118, 'test_player', '27260', 1, NULL, NULL),
	(119, 'test', '88903', 0, NULL, NULL),
	(120, 'testing', '17443', 0, NULL, NULL),
	(121, 'qwe', '52578', 0, NULL, NULL);

-- Dumping data for table quizzle.participant_answers: ~115 rows (approximately)
INSERT INTO `participant_answers` (`id`, `user_id`, `room_id`, `question_id`, `answer_id`, `created_at`, `is_correct`, `response_time`) VALUES
	(1, 108, '66', 141, 495, '2024-08-19 08:27:37', 0, NULL),
	(2, 108, '66c28c9528825', 141, 497, '2024-08-19 08:29:41', 0, NULL),
	(3, 108, '66c28c9528825', 141, 497, '2024-08-19 08:34:35', 0, NULL),
	(4, 108, '66c28c9528825', 141, 498, '2024-08-19 08:40:13', 0, NULL),
	(5, 108, '66c28c9528825', 141, 495, '2024-08-19 08:40:49', 0, NULL),
	(6, 108, '66c28c9528825', 141, 495, '2024-08-19 08:41:15', 0, NULL),
	(7, 108, '66c28c9528825', 141, 495, '2024-08-19 08:41:41', 0, NULL),
	(8, 108, '66c28c9528825', 141, 495, '2024-08-19 08:42:12', 0, NULL),
	(9, 108, '66c28c9528825', 141, 495, '2024-08-19 08:45:17', 0, NULL),
	(10, 108, '66c28c9528825', 141, 495, '2024-08-19 08:45:51', 0, NULL),
	(11, 108, '66c28c9528825', 141, 495, '2024-08-19 08:46:15', 0, NULL),
	(12, 108, '66c28c9528825', 141, 495, '2024-08-19 08:47:00', 0, NULL),
	(13, 110, '66c296518a7f7', 147, 517, '2024-08-19 08:48:42', 0, NULL),
	(14, 110, '66c296518a7f7', 147, 517, '2024-08-19 08:53:54', 0, NULL),
	(15, 110, '66c296518a7f7', 147, 517, '2024-08-19 09:00:17', 0, NULL),
	(16, 110, '66c296518a7f7', 147, 519, '2024-08-19 09:07:55', 0, NULL),
	(17, 110, '66c296518a7f7', 147, 518, '2024-08-19 09:09:25', 0, NULL),
	(18, 110, '66c296518a7f7', 147, 517, '2024-08-19 09:10:26', 0, NULL),
	(19, 110, '66c296518a7f7', 147, 517, '2024-08-19 09:10:40', 0, NULL),
	(20, 110, '66c296518a7f7', 147, 517, '2024-08-19 09:11:00', 0, NULL),
	(21, 110, '66c296518a7f7', 147, 517, '2024-08-19 09:12:17', 0, NULL),
	(22, 110, '66c296518a7f7', 147, 517, '2024-08-19 09:13:17', 0, NULL),
	(23, 110, '66c296518a7f7', 147, 517, '2024-08-19 09:17:32', 0, NULL),
	(24, 115, '66c29df99eaaf', 149, 524, '2024-08-19 09:21:20', 0, NULL),
	(25, 115, '66c29df99eaaf', 149, 524, '2024-08-19 09:22:18', 0, NULL),
	(26, 117, '66c2a2810da23', 151, 535, '2024-08-19 09:40:39', 0, NULL),
	(27, 117, '66c2a2810da23', 151, 533, '2024-08-19 09:44:34', 0, NULL),
	(28, 117, '66c2a2810da23', 151, 533, '2024-08-19 09:45:02', 0, NULL),
	(29, 117, '66c2a2810da23', 151, 533, '2024-08-19 09:45:26', 0, NULL),
	(30, 117, '66c2a2810da23', 151, 533, '2024-08-19 09:47:27', 0, NULL),
	(31, 117, '66c2a2810da23', 151, 533, '2024-08-19 10:00:07', 0, NULL),
	(32, 117, '66c2a2810da23', 151, 533, '2024-08-19 10:01:01', 1, NULL),
	(33, 117, '66c2a2810da23', 151, 532, '2024-08-19 10:02:04', 0, NULL),
	(34, 117, '66c2a2810da23', 151, 533, '2024-08-19 10:02:31', 1, NULL),
	(35, 117, '66c2a2810da23', 151, 532, '2024-08-19 10:15:05', 0, NULL),
	(36, 117, '66c2a2810da23', 151, 533, '2024-08-19 10:22:28', 1, NULL),
	(37, 117, '66c2a2810da23', 151, 533, '2024-08-19 10:22:41', 1, NULL),
	(38, 117, '66c2a2810da23', 151, 533, '2024-08-19 10:22:56', 1, NULL),
	(39, 117, '66c2a2810da23', 151, 533, '2024-08-19 10:24:28', 1, NULL),
	(40, 117, '66c2a2810da23', 151, 533, '2024-08-19 10:40:19', 1, NULL),
	(41, 117, '66c2a2810da23', 151, 533, '2024-08-19 10:40:48', 1, NULL),
	(42, 117, '66c2a2810da23', 151, 533, '2024-08-19 10:42:07', 1, NULL),
	(43, 117, '66c2a2810da23', 151, 533, '2024-08-19 10:48:29', 1, NULL),
	(44, 117, '66c2a2810da23', 151, 533, '2024-08-19 10:48:56', 1, NULL),
	(45, 117, '66c2a2810da23', 151, 533, '2024-08-19 10:49:34', 1, NULL),
	(46, 117, '66c2a2810da23', 151, 533, '2024-08-19 10:54:21', 1, NULL),
	(47, 117, '66c2a2810da23', 151, 533, '2024-08-19 10:54:59', 1, NULL),
	(48, 117, '66c2a2810da23', 151, 533, '2024-08-19 10:55:26', 1, NULL),
	(49, 117, '66c2a2810da23', 151, 533, '2024-08-19 10:55:46', 1, NULL),
	(50, 117, '66c2a2810da23', 151, 533, '2024-08-19 10:55:57', 1, NULL),
	(51, 117, '66c2a2810da23', 151, 533, '2024-08-19 10:56:47', 1, NULL),
	(52, 117, '66c2a2810da23', 151, 533, '2024-08-19 10:57:25', 1, NULL),
	(53, 117, '66c2a2810da23', 151, 532, '2024-08-19 11:18:36', 0, NULL),
	(54, 117, '66c2a2810da23', 151, 533, '2024-08-19 11:22:45', 1, NULL),
	(55, 119, '66c2d9ea3d987', 166, 586, '2024-08-19 13:36:55', 1, NULL),
	(56, 119, '66c2d9ea3d987', 166, 586, '2024-08-19 13:39:48', 1, NULL),
	(57, 119, '66c2d9ea3d987', 166, 586, '2024-08-19 13:53:40', 1, NULL),
	(58, 119, '66c2d9ea3d987', 166, 586, '2024-08-19 13:55:39', 1, NULL),
	(59, 119, '66c2d9ea3d987', 166, 586, '2024-08-19 13:55:53', 1, NULL),
	(60, 119, '66c2d9ea3d987', 166, 586, '2024-08-19 13:56:37', 1, NULL),
	(61, 119, '66c2d9ea3d987', 166, 586, '2024-08-19 13:59:25', 1, NULL),
	(62, 119, '66c2d9ea3d987', 166, 586, '2024-08-19 14:07:03', 1, NULL),
	(63, 119, '66c2d9ea3d987', 166, 586, '2024-08-19 14:07:26', 1, NULL),
	(64, 119, '66c2d9ea3d987', 166, 586, '2024-08-19 14:08:12', 1, NULL),
	(65, 119, '66c2d9ea3d987', 166, 586, '2024-08-19 14:09:20', 1, NULL),
	(66, 119, '66c2d9ea3d987', 166, 586, '2024-08-19 14:10:32', 1, NULL),
	(67, 119, '66c2d9ea3d987', 166, 586, '2024-08-19 14:11:11', 1, NULL),
	(68, 119, '66c2d9ea3d987', 166, 588, '2024-08-19 14:11:23', 0, NULL),
	(69, 120, '66c2e2cf43027', 167, 591, '2024-08-19 14:14:57', 0, NULL),
	(70, 120, '66c2e2cf43027', 167, 590, '2024-08-19 14:18:28', 1, NULL),
	(71, 120, '66c2e2cf43027', 167, 590, '2024-08-19 14:26:32', 1, NULL),
	(72, 120, '66c2e2cf43027', 167, 590, '2024-08-19 14:44:40', 1, NULL),
	(73, 120, '66c2e2cf43027', 167, 590, '2024-08-19 14:45:00', 1, NULL),
	(74, 120, '66c2e2cf43027', 167, 590, '2024-08-19 14:49:56', 1, NULL),
	(75, 120, '66c2e2cf43027', 167, 590, '2024-08-19 14:50:22', 1, NULL),
	(76, 120, '66c2e2cf43027', 167, 590, '2024-08-19 14:57:45', 1, NULL),
	(77, 120, '66c2e2cf43027', 167, 590, '2024-08-19 14:59:08', 1, NULL),
	(78, 120, '66c2e2cf43027', 167, 590, '2024-08-19 15:00:37', 1, NULL),
	(79, 120, '66c2e2cf43027', 167, 590, '2024-08-19 15:01:40', 1, NULL),
	(80, 120, '66c2e2cf43027', 167, 592, '2024-08-19 15:12:48', 0, NULL),
	(81, 120, '66c2e2cf43027', 167, 590, '2024-08-19 15:15:46', 1, NULL),
	(82, 120, '66c2e2cf43027', 167, 590, '2024-08-19 15:16:42', 1, NULL),
	(83, 120, '66c2e2cf43027', 167, 590, '2024-08-19 15:17:48', 1, NULL),
	(84, 120, '66c2e2cf43027', 167, 590, '2024-08-19 15:25:53', 1, 874),
	(85, 120, '66c2e2cf43027', 167, 591, '2024-08-19 15:27:46', 0, 1651),
	(86, 120, '66c2e2cf43027', 167, 593, '2024-08-19 15:28:11', 0, 8180),
	(87, 120, '66c2e2cf43027', 167, 592, '2024-08-19 15:32:38', 0, 3051),
	(88, 120, '66c2e2cf43027', 167, 590, '2024-08-19 15:33:24', 1, 2609),
	(89, 120, '66c2e2cf43027', 167, 591, '2024-08-19 15:36:14', 0, 996),
	(90, 120, '66c2e2cf43027', 167, 592, '2024-08-19 15:36:22', 0, 724),
	(91, 120, '66c2e2cf43027', 167, 593, '2024-08-19 15:36:40', 0, 4578),
	(92, 120, '66c2e2cf43027', 167, 590, '2024-08-19 15:50:20', 1, 1488),
	(93, 120, '66c2e2cf43027', 167, 591, '2024-08-19 15:51:46', 0, 1487),
	(94, 120, '66c2e2cf43027', 167, 592, '2024-08-19 15:52:30', 0, 2009),
	(95, 120, '66c2e2cf43027', 167, 592, '2024-08-19 15:52:40', 0, 1404),
	(96, 120, '66c2e2cf43027', 167, 590, '2024-08-19 15:55:02', 1, 3),
	(97, 120, '66c2e2cf43027', 167, 591, '2024-08-19 15:55:25', 0, 7),
	(98, 120, '66c2e2cf43027', 167, 593, '2024-08-19 15:55:40', 0, 4),
	(99, 120, '66c2e2cf43027', 167, 590, '2024-08-19 15:56:18', 1, 3),
	(100, 120, '66c2e2cf43027', 167, 590, '2024-08-19 15:56:35', 1, 1),
	(101, 120, '66c2e2cf43027', 167, 590, '2024-08-19 15:57:57', 1, 1.04),
	(102, 120, '66c2e2cf43027', 167, 593, '2024-08-19 15:58:55', 0, 1.97),
	(103, 120, '66c2e2cf43027', 167, 593, '2024-08-19 15:59:12', 0, 0.63),
	(104, 120, '66c2e2cf43027', 167, 591, '2024-08-19 16:03:12', 0, 1.02),
	(105, 120, '66c2e2cf43027', 167, 592, '2024-08-19 16:03:29', 0, 0.76),
	(106, 121, '66c2ff6903f65', 168, 596, '2024-08-19 16:17:01', 0, 0.79),
	(107, 121, '66c2ff6903f65', 168, 594, '2024-08-19 16:19:23', 1, 4.25),
	(108, 121, '66c2ff6903f65', 168, 594, '2024-08-19 16:20:10', 1, 1.74),
	(109, 121, '66c2ff6903f65', 168, 594, '2024-08-19 16:21:51', 1, 1.18),
	(110, 121, '66c2ff6903f65', 168, 594, '2024-08-19 16:22:26', 1, 0.85),
	(111, 121, '66c2ff6903f65', 168, 594, '2024-08-19 16:23:53', 1, 0.9),
	(112, 121, '66c2ff6903f65', 168, 594, '2024-08-19 16:24:09', 1, 1.14),
	(113, 121, '66c2ff6903f65', 168, 594, '2024-08-19 16:25:10', 1, 3.12),
	(114, 121, '66c2ff6903f65', 168, 594, '2024-08-19 16:25:33', 1, 7.53),
	(115, 121, '66c2ff6903f65', 168, 594, '2024-08-19 16:26:15', 1, 9.33),
	(116, 121, '66c2ff6903f65', 168, 595, '2024-08-19 16:27:01', 0, 2.15),
	(117, 121, '66c2ff6903f65', 168, 595, '2024-08-19 16:27:21', 0, 2.17),
	(118, 121, '66c2ff6903f65', 168, 594, '2024-08-19 16:31:35', 1, 11.76),
	(119, 121, '66c2ff6903f65', 168, 594, '2024-08-19 16:33:39', 1, 11.77);

-- Dumping data for table quizzle.participant_question_scores: ~0 rows (approximately)

-- Dumping data for table quizzle.participant_scores: ~99 rows (approximately)
INSERT INTO `participant_scores` (`id`, `participant_id`, `room_id`, `score`, `created_at`) VALUES
	(1, 107, '66', 0, '2024-08-16 16:15:46'),
	(2, 107, '66', 0, '2024-08-16 16:16:03'),
	(3, 107, '66', 0, '2024-08-16 16:16:41'),
	(4, 107, '66', 0, '2024-08-16 16:19:27'),
	(5, 107, '66', 0, '2024-08-16 16:21:18'),
	(6, 108, '66', 0, '2024-08-19 08:07:23'),
	(7, 108, '66', 0, '2024-08-19 08:09:19'),
	(8, 108, '66', 0, '2024-08-19 08:09:52'),
	(9, 108, '66', 0, '2024-08-19 08:12:52'),
	(10, 108, '66', 0, '2024-08-19 08:14:13'),
	(11, 108, '66', 0, '2024-08-19 08:16:55'),
	(12, 108, '66', 0, '2024-08-19 08:20:33'),
	(13, 108, '66', 0, '2024-08-19 08:40:12'),
	(14, 108, '66', 0, '2024-08-19 08:40:49'),
	(15, 110, '66c296518a7f7', 0, '2024-08-19 09:13:17'),
	(16, 110, '66c296518a7f7', 90, '2024-08-19 09:17:31'),
	(17, 115, '66c29df99eaaf', 10, '2024-08-19 09:21:19'),
	(18, 115, '66c29df99eaaf', 20, '2024-08-19 09:22:18'),
	(19, 117, '66c2a2810da23', 0, '2024-08-19 09:40:38'),
	(20, 117, '66c2a2810da23', 10, '2024-08-19 09:44:34'),
	(21, 117, '66c2a2810da23', 20, '2024-08-19 09:45:02'),
	(22, 117, '66c2a2810da23', 30, '2024-08-19 09:45:26'),
	(23, 117, '66c2a2810da23', 40, '2024-08-19 09:47:26'),
	(24, 117, '66c2a2810da23', 0, '2024-08-19 10:00:07'),
	(25, 117, '66c2a2810da23', 10, '2024-08-19 10:01:01'),
	(26, 117, '66c2a2810da23', 10, '2024-08-19 10:02:03'),
	(27, 117, '66c2a2810da23', 20, '2024-08-19 10:02:30'),
	(28, 117, '66c2a2810da23', 20, '2024-08-19 10:15:05'),
	(29, 117, '66c2a2810da23', 30, '2024-08-19 10:22:27'),
	(30, 117, '66c2a2810da23', 40, '2024-08-19 10:22:40'),
	(31, 117, '66c2a2810da23', 50, '2024-08-19 10:22:56'),
	(32, 117, '66c2a2810da23', 60, '2024-08-19 10:24:27'),
	(33, 117, '66c2a2810da23', 70, '2024-08-19 10:40:19'),
	(34, 117, '66c2a2810da23', 80, '2024-08-19 10:40:48'),
	(35, 117, '66c2a2810da23', 90, '2024-08-19 10:42:06'),
	(36, 117, '66c2a2810da23', 100, '2024-08-19 10:48:28'),
	(37, 117, '66c2a2810da23', 110, '2024-08-19 10:48:56'),
	(38, 117, '66c2a2810da23', 120, '2024-08-19 10:49:33'),
	(39, 117, '66c2a2810da23', 130, '2024-08-19 10:54:21'),
	(40, 117, '66c2a2810da23', 140, '2024-08-19 10:54:58'),
	(41, 117, '66c2a2810da23', 150, '2024-08-19 10:55:25'),
	(42, 117, '66c2a2810da23', 160, '2024-08-19 10:55:46'),
	(43, 117, '66c2a2810da23', 170, '2024-08-19 10:55:57'),
	(44, 117, '66c2a2810da23', 0, '2024-08-19 10:56:46'),
	(45, 117, '66c2a2810da23', 190, '2024-08-19 10:57:25'),
	(46, 117, '66c2a2810da23', 190, '2024-08-19 11:18:36'),
	(47, 117, '66c2a2810da23', 200, '2024-08-19 11:22:45'),
	(48, 119, '66c2d9ea3d987', 20, '2024-08-19 13:39:47'),
	(49, 119, '66c2d9ea3d987', 30, '2024-08-19 13:53:39'),
	(50, 119, '66c2d9ea3d987', 70, '2024-08-19 13:59:24'),
	(51, 119, '66c2d9ea3d987', 80, '2024-08-19 14:07:02'),
	(52, 119, '66c2d9ea3d987', 90, '2024-08-19 14:07:25'),
	(53, 119, '66c2d9ea3d987', 100, '2024-08-19 14:08:11'),
	(54, 119, '66c2d9ea3d987', 110, '2024-08-19 14:09:19'),
	(55, 119, '66c2d9ea3d987', 120, '2024-08-19 14:10:31'),
	(56, 119, '66c2d9ea3d987', 130, '2024-08-19 14:11:10'),
	(57, 119, '66c2d9ea3d987', 130, '2024-08-19 14:11:22'),
	(58, 120, '66c2e2cf43027', 0, '2024-08-19 14:14:56'),
	(59, 120, '66c2e2cf43027', 10, '2024-08-19 14:18:27'),
	(60, 120, '66c2e2cf43027', 20, '2024-08-19 14:26:31'),
	(61, 120, '66c2e2cf43027', 30, '2024-08-19 14:44:40'),
	(62, 120, '66c2e2cf43027', 40, '2024-08-19 14:45:00'),
	(63, 120, '66c2e2cf43027', 50, '2024-08-19 14:49:56'),
	(64, 120, '66c2e2cf43027', 60, '2024-08-19 14:50:22'),
	(65, 120, '66c2e2cf43027', 70, '2024-08-19 14:57:45'),
	(66, 120, '66c2e2cf43027', 80, '2024-08-19 14:59:08'),
	(67, 120, '66c2e2cf43027', 90, '2024-08-19 15:00:37'),
	(68, 120, '66c2e2cf43027', 100, '2024-08-19 15:01:40'),
	(69, 120, '66c2e2cf43027', 100, '2024-08-19 15:12:48'),
	(70, 120, '66c2e2cf43027', 110, '2024-08-19 15:15:46'),
	(71, 120, '66c2e2cf43027', 120, '2024-08-19 15:16:42'),
	(72, 120, '66c2e2cf43027', 130, '2024-08-19 15:17:48'),
	(73, 120, '66c2e2cf43027', 140, '2024-08-19 15:25:53'),
	(74, 120, '66c2e2cf43027', 140, '2024-08-19 15:27:46'),
	(75, 120, '66c2e2cf43027', 140, '2024-08-19 15:28:11'),
	(76, 120, '66c2e2cf43027', 140, '2024-08-19 15:32:38'),
	(77, 120, '66c2e2cf43027', 150, '2024-08-19 15:33:24'),
	(78, 120, '66c2e2cf43027', 150, '2024-08-19 15:36:14'),
	(79, 120, '66c2e2cf43027', 150, '2024-08-19 15:36:22'),
	(80, 120, '66c2e2cf43027', 150, '2024-08-19 15:36:40'),
	(81, 120, '66c2e2cf43027', 160, '2024-08-19 15:50:20'),
	(82, 120, '66c2e2cf43027', 160, '2024-08-19 15:51:46'),
	(83, 120, '66c2e2cf43027', 160, '2024-08-19 15:52:30'),
	(84, 120, '66c2e2cf43027', 160, '2024-08-19 15:52:40'),
	(85, 120, '66c2e2cf43027', 170, '2024-08-19 15:55:02'),
	(86, 120, '66c2e2cf43027', 170, '2024-08-19 15:55:25'),
	(87, 120, '66c2e2cf43027', 170, '2024-08-19 15:55:40'),
	(88, 120, '66c2e2cf43027', 180, '2024-08-19 15:56:18'),
	(89, 120, '66c2e2cf43027', 190, '2024-08-19 15:56:35'),
	(90, 120, '66c2e2cf43027', 200, '2024-08-19 15:57:57'),
	(91, 120, '66c2e2cf43027', 200, '2024-08-19 15:58:55'),
	(92, 120, '66c2e2cf43027', 200, '2024-08-19 15:59:12'),
	(93, 120, '66c2e2cf43027', 200, '2024-08-19 16:03:12'),
	(94, 120, '66c2e2cf43027', 200, '2024-08-19 16:03:29'),
	(95, 121, '66c2ff6903f65', 0, '2024-08-19 16:17:01'),
	(96, 121, '66c2ff6903f65', 0, '2024-08-19 16:19:23'),
	(97, 121, '66c2ff6903f65', 0, '2024-08-19 16:20:10'),
	(98, 121, '66c2ff6903f65', 0, '2024-08-19 16:21:51'),
	(99, 121, '66c2ff6903f65', 40, '2024-08-19 16:22:26'),
	(100, 121, '66c2ff6903f65', 500, '2024-08-19 16:23:53'),
	(101, 121, '66c2ff6903f65', 600, '2024-08-19 16:24:10'),
	(102, 121, '66c2ff6903f65', 700, '2024-08-19 16:25:10'),
	(103, 121, '66c2ff6903f65', 775, '2024-08-19 16:25:33'),
	(104, 121, '66c2ff6903f65', 850, '2024-08-19 16:26:15'),
	(105, 121, '66c2ff6903f65', 850, '2024-08-19 16:27:01'),
	(106, 121, '66c2ff6903f65', 850, '2024-08-19 16:27:21'),
	(107, 121, '66c2ff6903f65', 900, '2024-08-19 16:31:35'),
	(108, 121, '66c2ff6903f65', 950, '2024-08-19 16:33:39');

-- Dumping data for table quizzle.questions: ~11 rows (approximately)
INSERT INTO `questions` (`id`, `question_text`, `image_path`, `time`, `isFill`, `room_id`, `created_at`, `updated_at`, `isValid`) VALUES
	(130, 'what', '', 5, 0, '66be98006345e', '2024-08-16 00:06:26', '2024-08-16 00:06:26', 1),
	(131, 'what', '', 10, 0, '66be9868a2913', '2024-08-16 00:08:10', '2024-08-16 00:08:10', 1),
	(132, 'what', '', 15, 0, '66be98bcc2d6e', '2024-08-16 00:09:34', '2024-08-16 00:09:34', 1),
	(133, 'what', '', 15, 0, '66be990f948ba', '2024-08-16 00:10:57', '2024-08-16 00:10:57', 1),
	(135, 'asdasdasd TESTT image 1', 'assets/images/quiz/66be9feed14e9/anime_death.jpg', 15, 0, '66be9feed14e9', '2024-08-16 00:40:15', '2024-08-16 06:03:14', 1),
	(136, 'question Image 2', 'assets/images/quiz/66be9feed14e9/question.png', 15, 1, '66be9feed14e9', '2024-08-16 00:40:15', '2024-08-16 01:40:49', 1),
	(138, 'test2', '', 5, 0, '66beeef71b11f', '2024-08-16 06:17:28', '2024-08-16 06:17:28', 1),
	(139, 'teeeest', '', 5, 0, '66bef2d77a4cc', '2024-08-16 06:34:00', '2024-08-16 06:34:00', 1),
	(140, 'qwe', '', 5, 0, '66bef5028fcb1', '2024-08-16 06:43:15', '2024-08-16 06:43:15', 1),
	(141, 'wtf', '', 5, 0, '66c28c9528825', '2024-08-19 00:06:45', '2024-08-19 00:06:45', 1),
	(145, 'asdsad', '', 15, 0, '66c29306d932c', '2024-08-19 00:34:15', '2024-08-19 00:36:08', 1),
	(146, 'Fil me up', 'assets/images/quiz/66c29306d932c/ph-flag.jpg', 15, 1, '66c29306d932c', '2024-08-19 00:34:15', '2024-08-19 00:36:06', 1),
	(147, 'what is the ', '', 8, 0, '66c296518a7f7', '2024-08-19 00:48:17', '2024-08-19 00:48:17', 1),
	(148, 'hotdog', '', 10, 0, '66c29da50ca35', '2024-08-19 01:19:33', '2024-08-19 01:19:33', 1),
	(149, 'test question', '', 10, 0, '66c29df99eaaf', '2024-08-19 01:20:58', '2024-08-19 01:20:58', 1),
	(150, 'testing question', '', 5, 0, '66c2a2346192d', '2024-08-19 01:39:00', '2024-08-19 01:39:00', 1),
	(151, 'hello', '', 5, 0, '66c2a2810da23', '2024-08-19 01:40:17', '2024-08-19 02:55:35', 1),
	(164, 'asdasd', 'assets/images/quiz/Room-66c2b9dda27cd/ph-flag.jpg', 15, 0, '66c2b9dda27cd', '2024-08-19 03:19:57', '2024-08-19 03:19:57', 1),
	(165, 'testing question', '', 10, 0, '66c2d9a415cf0', '2024-08-19 05:35:33', '2024-08-19 05:35:33', 1),
	(166, '1234', '', 10, 0, '66c2d9ea3d987', '2024-08-19 05:36:43', '2024-08-19 05:36:43', 1),
	(167, 'qweqwe', '', 10, 0, '66c2e2cf43027', '2024-08-19 06:14:40', '2024-08-19 06:14:40', 1),
	(168, 'testing ', '', 10, 0, '66c2ff6903f65', '2024-08-19 08:16:42', '2024-08-19 08:16:42', 1);

-- Dumping data for table quizzle.rooms: ~10 rows (approximately)
INSERT INTO `rooms` (`id`, `room_id`, `pin`, `isValid`, `hasStarted`, `created_at`, `updated_at`) VALUES
	(110, '66be98006345e', '66504', 0, 1, NULL, NULL),
	(111, '66be9868a2913', '97692', 1, 0, NULL, NULL),
	(112, '66be98bcc2d6e', '52874', 1, 0, NULL, NULL),
	(113, '66be990f948ba', '57117', 1, 0, NULL, NULL),
	(114, '66be9fac2a4f5', '35689', 0, 0, NULL, NULL),
	(115, '66be9feed14e9', '82615', 0, 1, NULL, NULL),
	(116, '66beee89440a9', '29613', 0, 0, NULL, NULL),
	(117, '66beeef71b11f', '24908', 0, 1, NULL, NULL),
	(118, '66bef2d77a4cc', '85025', 1, 0, NULL, NULL),
	(119, '66bef5028fcb1', '36567', 1, 0, NULL, NULL),
	(120, '66c28c9528825', '49177', 0, 1, NULL, NULL),
	(121, '66c28ff7c2c71', '94821', 0, 0, NULL, NULL),
	(122, '66c292f28c443', '47126', 0, 0, NULL, NULL),
	(123, '66c29306d932c', '45862', 0, 1, NULL, NULL),
	(124, '66c296518a7f7', '87407', 0, 1, NULL, NULL),
	(125, '66c29da50ca35', '22423', 1, 0, NULL, NULL),
	(126, '66c29df99eaaf', '29165', 0, 1, NULL, NULL),
	(127, '66c2a2346192d', '48172', 1, 0, NULL, NULL),
	(128, '66c2a2810da23', '80374', 0, 1, NULL, NULL),
	(129, '66c2a928b41e9', '53465', 0, 0, NULL, NULL),
	(130, '66c2a9744d5ec', '58625', 0, 0, NULL, NULL),
	(131, '66c2aa01d2108', '75137', 0, 0, NULL, NULL),
	(132, '66c2ae4fea0ce', '99304', 0, 0, NULL, NULL),
	(133, '66c2aeabeae42', '70962', 0, 0, NULL, NULL),
	(134, '66c2b074d5354', '58471', 0, 0, NULL, NULL),
	(135, '66c2b10116fd4', '21541', 0, 0, NULL, NULL),
	(136, '66c2b1647041f', '73307', 0, 0, NULL, NULL),
	(137, '66c2b19a2005d', '51408', 0, 0, NULL, NULL),
	(138, '66c2b9dda27cd', '26755', 0, 1, NULL, NULL),
	(139, '66c2d9a415cf0', '27260', 1, 0, NULL, NULL),
	(140, '66c2d9ea3d987', '88903', 0, 1, NULL, NULL),
	(141, '66c2e2cf43027', '17443', 0, 1, NULL, NULL),
	(142, '66c2ff6903f65', '52578', 0, 1, NULL, NULL);

/*!40103 SET TIME_ZONE=IFNULL(@OLD_TIME_ZONE, 'system') */;
/*!40101 SET SQL_MODE=IFNULL(@OLD_SQL_MODE, '') */;
/*!40014 SET FOREIGN_KEY_CHECKS=IFNULL(@OLD_FOREIGN_KEY_CHECKS, 1) */;
/*!40101 SET CHARACTER_SET_CLIENT=@OLD_CHARACTER_SET_CLIENT */;
/*!40111 SET SQL_NOTES=IFNULL(@OLD_SQL_NOTES, 1) */;
